#CHROM	REF_START	REF_END	NUM_HAPS	RU_LEN_AVG	RU_LEN_STD	NUM_UNIQUE_VNTRS	MAX_RUS	MIN_RUS	MEDIAN_RUS	1%_RUS	5%_RUS	25%_RUS	75%_RUS	95%_RUS	99%_RUS	UNIQUE_NUM_RUS	MAX_BPS	MIN_BPS	MEDIAN_BPS	1%_BPS	5%_BPS	25%_BPS	75%_BPS	95%_BPS	99%_BPS
chr12	2251595	2257324	126	30.0	0.0	98	804	35	190.0	118.75	162.5	188.0	192.75	280.5	445.5	32	24120	1050	5700.0	3562.5	4875.0	5640.0	5782.5	8415.0	13365.0
chr18	57226379	57227527	130	68.6923076923077	0.46153846153846156	118	76	2	16.5	2.29	4.0	9.0	32.0	52.29999999999998	67.41999999999999	49	5238	136	1132.0	156.43	273.45	616.0	2205.75	3605.699999999999	4639.039999999999
chr19	1012105	1014401	122	26.03030303030303	2.0814454255847754	116	226	12	79.0	19.63	31.0	52.0	120.25	197.34999999999985	216.36999999999998	84	5815	325	2037.0	526.22	810.15	1351.75	3107.25	5131.449999999995	5574.819999999999
chr19	4494323	4497243	130	99.6	2.6153393661244038	23	31	11	28.0	15.16	22.0	25.0	29.0	29.0	30.0	14	3081	1101	2784.0	1512.84	2190.0	2487.0	2883.0	2883.0	2982.0
