#CHROM	REF_START	REF_END	NUM_HAPS	RU_LEN_AVG	RU_LEN_STD	NUM_UNIQUE_VNTRS	MAX_RUS	MIN_RUS	MEDIAN_RUS	1%_RUS	5%_RUS	25%_RUS	75%_RUS	95%_RUS	99%_RUS	UNIQUE_NUM_RUS	MAX_BPS	MIN_BPS	MEDIAN_BPS	1%_BPS	5%_BPS	25%_BPS	75%_BPS	95%_BPS	99%_BPS
chr12	2251595	2257324	1918	30.0	0.0	1894	840	35	191.0	145.70000000000002	178.0	189.0	193.0	280.0	398.9599999999991	166	25200	1050	5730.0	4371.000000000001	5340.0	5670.0	5790.0	8400.0	11968.799999999974
chr18	57226379	57227527	1932	68.6923076923077	0.46153846153846156	1825	84	1	17.0	2.0	3.0	8.0	27.0	44.0	57.0	67	5785	68	1169.0	137.0	206.0	550.0	1858.0	3027.0	3923.69
chr19	1012105	1014401	1932	26.03030303030303	2.0814454255847754	1921	390	11	82.0	13.0	29.0	55.0	119.0	197.0	248.3800000000001	246	9982	293	2104.5	350.93	753.55	1412.75	3065.5	5009.349999999999	6352.670000000002
chr19	4494323	4497243	1928	99.6	2.6153393661244038	363	43	10	29.0	18.0	22.0	27.0	29.0	29.0	31.0	24	4269	1002	2883.0	1785.24	2190.0	2685.0	2883.0	2883.0	3081.0
